seed,method,source_method,final_energy_per_site,within_run_variance
1,Metropolis,metropolis,-1.33804367,1.353e-05
2,Metropolis,metropolis,-1.33806312,2.582e-05
3,Metropolis,metropolis,-1.33807084,1.248e-05
4,Metropolis,metropolis,-1.33806807,1.408e-05
5,Metropolis,metropolis,-1.33578608,5.331e-05
6,Metropolis,metropolis,-1.33806402,1.314e-05
7,Metropolis,metropolis,-1.33805936,1.09e-05
8,Metropolis,metropolis,-1.33805341,1.824e-05
9,Metropolis,metropolis,-1.33808353,2.629e-05
10,Metropolis,metropolis,-1.33802956,3.059e-05
11,Metropolis,metropolis,-1.33595456,8.38e-06
12,Metropolis,metropolis,-1.33595554,1.659e-05
13,Metropolis,metropolis,-1.33806256,1.1e-05
14,Metropolis,metropolis,-1.33805753,1.044e-05
16,Metropolis,metropolis,-1.33807144,1.718e-05
17,Metropolis,metropolis,-1.33804925,1.744e-05
18,Metropolis,metropolis,-1.33593974,1.177e-05
19,Metropolis,metropolis,-1.33572256,1.119e-05
20,Metropolis,metropolis,-1.33594964,1.271e-05
21,Metropolis,metropolis,-1.33803797,1.183e-05
22,Metropolis,metropolis,-1.33806568,1.247e-05
23,Metropolis,metropolis,-1.33804923,9.34e-06
24,Metropolis,metropolis,-1.3380489,1.204e-05
25,Metropolis,metropolis,-1.33806182,1.836e-05
26,Metropolis,metropolis,-1.33507418,4.158e-05
27,Metropolis,metropolis,-1.33804704,7.5e-06
28,Metropolis,metropolis,-1.33802981,6.75e-06
29,Metropolis,metropolis,-1.33803129,1.814e-05
30,Metropolis,metropolis,-1.33801157,4.617e-05
31,Metropolis,metropolis,-1.33596751,6.89e-06
32,Metropolis,metropolis,-1.33803493,1.525e-05
33,Metropolis,metropolis,-1.33806304,9.43e-06
34,Metropolis,metropolis,-1.33598263,4.072e-05
35,Metropolis,metropolis,-1.33803507,2.286e-05
36,Metropolis,metropolis,-1.33800774,2.718e-05
38,Metropolis,metropolis,-1.33595351,1.095e-05
39,Metropolis,metropolis,-1.33803964,9.16e-06
40,Metropolis,metropolis,-1.33749612,1.233e-05
41,Metropolis,metropolis,-1.33807088,1.814e-05
42,Metropolis,metropolis,-1.33504617,7.2e-06
43,Metropolis,metropolis,-1.33805159,1.126e-05
44,Metropolis,metropolis,-1.33802073,1.445e-05
45,Metropolis,metropolis,-1.33806802,1.913e-05
46,Metropolis,metropolis,-1.33422994,1.315e-05
47,Metropolis,metropolis,-1.33805626,1.168e-05
48,Metropolis,metropolis,-1.33502139,0.00010047
49,Metropolis,metropolis,-1.33460901,6.56e-06
50,Metropolis,metropolis,-1.33808435,3.05e-05
51,Metropolis,metropolis,-1.33747924,9.81e-06
52,Metropolis,metropolis,-1.33747446,6.922e-05
53,Metropolis,metropolis,-1.33805734,2.358e-05
55,Metropolis,metropolis,-1.33800754,1.827e-05
56,Metropolis,metropolis,-1.33803771,1.371e-05
57,Metropolis,metropolis,-1.33749661,1.479e-05
58,Metropolis,metropolis,-1.33749045,1.699e-05
59,Metropolis,metropolis,-1.33802198,2.49e-05
60,Metropolis,metropolis,-1.33804671,1.575e-05
61,Metropolis,metropolis,-1.33745871,1.29e-05
62,Metropolis,metropolis,-1.33802881,1.488e-05
63,Metropolis,metropolis,-1.33748208,7.15e-06
64,Metropolis,metropolis,-1.33804554,1.272e-05
65,Metropolis,metropolis,-1.33806633,7.58e-06
66,Metropolis,metropolis,-1.33808368,1.811e-05
67,Metropolis,metropolis,-1.33804883,9.33e-06
68,Metropolis,metropolis,-1.33560499,2.169e-05
69,Metropolis,metropolis,-1.33599285,2.995e-05
70,Metropolis,metropolis,-1.33595588,1.367e-05
71,Metropolis,metropolis,-1.33746766,8.84e-06
72,Metropolis,metropolis,-1.33557742,1.571e-05
73,Metropolis,metropolis,-1.33804375,1.31e-05
74,Metropolis,metropolis,-1.33804746,1.417e-05
75,Metropolis,metropolis,-1.33807939,1.412e-05
76,Metropolis,metropolis,-1.33806633,1.541e-05
77,Metropolis,metropolis,-1.3380619,3.181e-05
78,Metropolis,metropolis,-1.3329334,1.15e-05
79,Metropolis,metropolis,-1.33454249,2.622e-05
80,Metropolis,metropolis,-1.33799603,3.298e-05
81,Metropolis,metropolis,-1.3380498,1.903e-05
82,Metropolis,metropolis,-1.33804163,1.715e-05
83,Metropolis,metropolis,-1.33805973,1.176e-05
84,Metropolis,metropolis,-1.33592668,2.348e-05
85,Metropolis,metropolis,-1.33801808,2.455e-05
86,Metropolis,metropolis,-1.33594839,1.24e-05
87,Metropolis,metropolis,-1.33598229,2.403e-05
88,Metropolis,metropolis,-1.33806495,7.23e-06
89,Metropolis,metropolis,-1.33748972,7.34e-06
90,Metropolis,metropolis,-1.33807,2.359e-05
91,Metropolis,metropolis,-1.33594754,9.45e-06
92,Metropolis,metropolis,-1.338056,9.13e-06
93,Metropolis,metropolis,-1.33503987,1.479e-05
94,Metropolis,metropolis,-1.33804811,1.385e-05
95,Metropolis,metropolis,-1.33747582,1.308e-05
96,Metropolis,metropolis,-1.33753733,4.762e-05
97,Metropolis,metropolis,-1.33808237,2.123e-05
98,Metropolis,metropolis,-1.33558648,1.918e-05
99,Metropolis,metropolis,-1.3380676,1.82e-05
100,Metropolis,metropolis,-1.33595228,6.98e-06
1,Row-Update,mps2,-1.33741195,3.01e-05
2,Row-Update,mps2,-1.3380481,1.19e-05
3,Row-Update,mps2,-1.33804538,1.061e-05
4,Row-Update,mps2,-1.33748479,1.291e-05
5,Row-Update,mps2,-1.33791626,8.551e-05
6,Row-Update,mps2,-1.33775622,3.23e-05
7,Row-Update,mps2,-1.33805789,1.157e-05
8,Row-Update,mps2,-1.33801847,2.127e-05
9,Row-Update,mps2,-1.3380272,1.556e-05
10,Row-Update,mps2,-1.33800926,3.313e-05
11,Row-Update,mps2,-1.33816183,7.559e-05
12,Row-Update,mps2,-1.33805286,9.24e-06
13,Row-Update,mps2,-1.33799352,1.732e-05
14,Row-Update,mps2,-1.3380623,2.45e-05
15,Row-Update,mps2,-1.33748934,1.168e-05
16,Row-Update,mps2,-1.33809467,5.645e-05
17,Row-Update,mps2,-1.33807393,6.594e-05
18,Row-Update,mps2,-1.33784179,0.00016098
19,Row-Update,mps2,-1.33768641,0.00012208
20,Row-Update,mps2,-1.33806509,8.26e-06
21,Row-Update,mps2,-1.33753367,0.00019455
22,Row-Update,mps2,-1.33747383,1.227e-05
23,Row-Update,mps2,-1.33748255,9.59e-06
24,Row-Update,mps2,-1.3374316,2.218e-05
25,Row-Update,mps2,-1.3380197,2.059e-05
26,Row-Update,mps2,-1.33405547,0.00016221
27,Row-Update,mps2,-1.3375554,2.843e-05
28,Row-Update,mps2,-1.33803663,1.492e-05
29,Row-Update,mps2,-1.33748803,1.593e-05
30,Row-Update,mps2,-1.33749406,1.077e-05
31,Row-Update,mps2,-1.33797778,2.075e-05
32,Row-Update,mps2,-1.33806855,1.904e-05
33,Row-Update,mps2,-1.33739055,2.73e-05
34,Row-Update,mps2,-1.33803648,1.539e-05
35,Row-Update,mps2,-1.33802539,2.578e-05
36,Row-Update,mps2,-1.33806077,1.632e-05
37,Row-Update,mps2,-1.33806182,1.338e-05
38,Row-Update,mps2,-1.3380522,1.123e-05
39,Row-Update,mps2,-1.33805008,8.3e-06
40,Row-Update,mps2,-1.33750695,1.735e-05
41,Row-Update,mps2,-1.33756958,8.489e-05
42,Row-Update,mps2,-1.33805501,8.84e-06
43,Row-Update,mps2,-1.33805781,2.216e-05
44,Row-Update,mps2,-1.33737749,3.477e-05
45,Row-Update,mps2,-1.33805222,1.224e-05
46,Row-Update,mps2,-1.33806058,1.909e-05
47,Row-Update,mps2,-1.33803775,8.91e-06
48,Row-Update,mps2,-1.3381462,8.559e-05
49,Row-Update,mps2,-1.33805745,1.261e-05
50,Row-Update,mps2,-1.33802217,3.448e-05
51,Row-Update,mps2,-1.33792638,0.00011575
52,Row-Update,mps2,-1.3374729,2.252e-05
53,Row-Update,mps2,-1.33798633,3.548e-05
54,Row-Update,mps2,-1.33802664,1.253e-05
55,Row-Update,mps2,-1.33806109,2.384e-05
56,Row-Update,mps2,-1.33742735,5.313e-05
57,Row-Update,mps2,-1.33748867,1.823e-05
58,Row-Update,mps2,-1.33806657,1.122e-05
59,Row-Update,mps2,-1.33768499,0.00016433
60,Row-Update,mps2,-1.33535009,1.796e-05
61,Row-Update,mps2,-1.33804377,1.726e-05
62,Row-Update,mps2,-1.33804344,1.039e-05
63,Row-Update,mps2,-1.33745988,9.54e-06
64,Row-Update,mps2,-1.33569056,5.817e-05
65,Row-Update,mps2,-1.33752591,0.00011591
66,Row-Update,mps2,-1.33749262,1.347e-05
67,Row-Update,mps2,-1.33803187,1.368e-05
68,Row-Update,mps2,-1.33749985,2.009e-05
69,Row-Update,mps2,-1.33763698,0.00012039
70,Row-Update,mps2,-1.33789814,4.467e-05
71,Row-Update,mps2,-1.33752138,2.079e-05
72,Row-Update,mps2,-1.33793883,4.087e-05
73,Row-Update,mps2,-1.33803995,3.174e-05
74,Row-Update,mps2,-1.33803977,1.385e-05
75,Row-Update,mps2,-1.33771105,0.00014009
76,Row-Update,mps2,-1.33765716,2.625e-05
77,Row-Update,mps2,-1.33799646,2.85e-05
78,Row-Update,mps2,-1.33806819,1.748e-05
79,Row-Update,mps2,-1.33745849,1.259e-05
80,Row-Update,mps2,-1.3380519,1.075e-05
81,Row-Update,mps2,-1.33805161,7.45e-06
82,Row-Update,mps2,-1.33748004,1.747e-05
83,Row-Update,mps2,-1.33561032,2.282e-05
84,Row-Update,mps2,-1.3374304,2.806e-05
85,Row-Update,mps2,-1.33802731,1.213e-05
86,Row-Update,mps2,-1.33802299,8.049e-05
87,Row-Update,mps2,-1.33802833,1.539e-05
88,Row-Update,mps2,-1.33804699,5.153e-05
89,Row-Update,mps2,-1.3377818,4.613e-05
90,Row-Update,mps2,-1.33804847,2.202e-05
91,Row-Update,mps2,-1.33801744,2.219e-05
92,Row-Update,mps2,-1.33805801,2.646e-05
93,Row-Update,mps2,-1.33595078,6.23e-06
94,Row-Update,mps2,-1.33804905,9.55e-06
95,Row-Update,mps2,-1.33749931,2.267e-05
96,Row-Update,mps2,-1.33596305,2.218e-05
97,Row-Update,mps2,-1.3380284,2.136e-05
98,Row-Update,mps2,-1.33803808,1.528e-05
99,Row-Update,mps2,-1.33805898,8.31e-06
100,Row-Update,mps2,-1.33806745,1.275e-05
1,Hybrid,mixture2,-1.33805876,1.216e-05
2,Hybrid,mixture2,-1.33596752,1.287e-05
3,Hybrid,mixture2,-1.33799242,2.464e-05
4,Hybrid,mixture2,-1.33748039,2.547e-05
5,Hybrid,mixture2,-1.33807395,2.132e-05
6,Hybrid,mixture2,-1.33748343,1.435e-05
7,Hybrid,mixture2,-1.33804986,1.354e-05
8,Hybrid,mixture2,-1.33802676,1.751e-05
9,Hybrid,mixture2,-1.33746086,2.423e-05
10,Hybrid,mixture2,-1.33806876,3.552e-05
11,Hybrid,mixture2,-1.33803204,2.454e-05
12,Hybrid,mixture2,-1.33802023,1.688e-05
13,Hybrid,mixture2,-1.33746785,1.088e-05
14,Hybrid,mixture2,-1.33734125,2.241e-05
15,Hybrid,mixture2,-1.33805916,1.112e-05
16,Hybrid,mixture2,-1.33762737,5.772e-05
17,Hybrid,mixture2,-1.33797638,3.087e-05
18,Hybrid,mixture2,-1.33754101,8.112e-05
19,Hybrid,mixture2,-1.3380691,1.462e-05
20,Hybrid,mixture2,-1.33807668,2.092e-05
21,Hybrid,mixture2,-1.33741428,3.651e-05
22,Hybrid,mixture2,-1.3380232,2.752e-05
23,Hybrid,mixture2,-1.33746873,1.322e-05
24,Hybrid,mixture2,-1.33769801,2.83e-05
25,Hybrid,mixture2,-1.33803912,1.242e-05
26,Hybrid,mixture2,-1.33803321,2.241e-05
27,Hybrid,mixture2,-1.33746876,9.73e-06
28,Hybrid,mixture2,-1.33754947,5.469e-05
29,Hybrid,mixture2,-1.33746364,2.517e-05
30,Hybrid,mixture2,-1.33806077,1.968e-05
31,Hybrid,mixture2,-1.33795796,4.14e-05
32,Hybrid,mixture2,-1.3350269,6.45e-06
33,Hybrid,mixture2,-1.33750376,2.501e-05
34,Hybrid,mixture2,-1.33594497,7.54e-06
35,Hybrid,mixture2,-1.33804636,2.079e-05
36,Hybrid,mixture2,-1.3380453,2.074e-05
37,Hybrid,mixture2,-1.33804083,1.195e-05
38,Hybrid,mixture2,-1.33803428,3.566e-05
39,Hybrid,mixture2,-1.33744967,1.811e-05
40,Hybrid,mixture2,-1.33805959,1.929e-05
41,Hybrid,mixture2,-1.33826864,0.00021223
42,Hybrid,mixture2,-1.33801492,2.157e-05
43,Hybrid,mixture2,-1.3381424,9.718e-05
44,Hybrid,mixture2,-1.33776666,3.516e-05
45,Hybrid,mixture2,-1.33807825,1.898e-05
46,Hybrid,mixture2,-1.33787369,8.832e-05
47,Hybrid,mixture2,-1.33802943,1.303e-05
48,Hybrid,mixture2,-1.33804554,1.377e-05
49,Hybrid,mixture2,-1.3359807,1.376e-05
50,Hybrid,mixture2,-1.33800283,1.609e-05
51,Hybrid,mixture2,-1.33770205,4.769e-05
52,Hybrid,mixture2,-1.33803186,3.462e-05
53,Hybrid,mixture2,-1.33809665,3.268e-05
54,Hybrid,mixture2,-1.33805394,1.675e-05
55,Hybrid,mixture2,-1.33806536,1.459e-05
56,Hybrid,mixture2,-1.33742455,2.827e-05
57,Hybrid,mixture2,-1.33742447,4.144e-05
58,Hybrid,mixture2,-1.338087,3.243e-05
59,Hybrid,mixture2,-1.3380002,4.857e-05
60,Hybrid,mixture2,-1.33594272,6.6e-06
61,Hybrid,mixture2,-1.33457932,2.93e-05
62,Hybrid,mixture2,-1.33791597,0.00014842
63,Hybrid,mixture2,-1.33747192,7.22e-06
64,Hybrid,mixture2,-1.33804879,3.651e-05
65,Hybrid,mixture2,-1.33747319,1.089e-05
66,Hybrid,mixture2,-1.33802987,1.514e-05
67,Hybrid,mixture2,-1.33805287,2.162e-05
68,Hybrid,mixture2,-1.33747856,4.44e-05
69,Hybrid,mixture2,-1.33780505,7.242e-05
70,Hybrid,mixture2,-1.33802351,1.255e-05
71,Hybrid,mixture2,-1.33748889,1.563e-05
72,Hybrid,mixture2,-1.33807089,6.673e-05
73,Hybrid,mixture2,-1.33805606,4.117e-05
74,Hybrid,mixture2,-1.33806183,3.193e-05
75,Hybrid,mixture2,-1.33805343,1.144e-05
76,Hybrid,mixture2,-1.33742126,4.033e-05
77,Hybrid,mixture2,-1.3381003,3.672e-05
78,Hybrid,mixture2,-1.33750808,2.402e-05
79,Hybrid,mixture2,-1.33749473,1.385e-05
80,Hybrid,mixture2,-1.33804249,1.029e-05
81,Hybrid,mixture2,-1.33745634,1.77e-05
82,Hybrid,mixture2,-1.33804986,1.647e-05
83,Hybrid,mixture2,-1.33761339,6.37e-05
84,Hybrid,mixture2,-1.3380553,1.652e-05
85,Hybrid,mixture2,-1.3358737,8.028e-05
86,Hybrid,mixture2,-1.33804434,3.597e-05
87,Hybrid,mixture2,-1.33805046,1.152e-05
88,Hybrid,mixture2,-1.33802884,1.341e-05
89,Hybrid,mixture2,-1.33759776,2.655e-05
90,Hybrid,mixture2,-1.33748815,1.613e-05
91,Hybrid,mixture2,-1.33802992,1.641e-05
92,Hybrid,mixture2,-1.33745208,1.692e-05
93,Hybrid,mixture2,-1.3380446,3.309e-05
94,Hybrid,mixture2,-1.33809526,3.699e-05
95,Hybrid,mixture2,-1.33455539,0.00010361
96,Hybrid,mixture2,-1.33803597,1.475e-05
97,Hybrid,mixture2,-1.33804571,1.191e-05
98,Hybrid,mixture2,-1.33559357,8.76e-06
99,Hybrid,mixture2,-1.33745764,2.492e-05
100,Hybrid,mixture2,-1.33803653,1.832e-05
